ticketNumber,passenger,flightNumber
1,John Doe,1001
2,Jane Smith,1002
3,Alice Johnson,1003
4,Bob Williams,1004
5,Mary Brown,1005
6,Michael Davis,1006
7,Emily Clark,1007
8,Chris Johnson,1008
9,Patricia Martinez,1009
10,James Lee,1010
11,Jennifer Lewis,1011
12,Robert Walker,1012
13,Linda Scott,1013
14,David Hall,1014
15,Susan Young,1015
16,Richard King,1016
17,Barbara Wright,1017
18,Charles Green,1018
19,Jessica Adams,1019
20,Daniel Nelson,1020
21,Sophia Hill,1021
22,George Carter,1022
23,Olivia Mitchell,1023
24,Nancy Perez,1024
25,Mark Roberts,1025
26,Lisa Phillips,1026
27,Paul Evans,1027
28,Sarah Turner,1028
29,Kevin Parker,1029
30,Laura Edwards,1030
